epoch,null_features
0,156
1,156
2,156
3,156
4,156
5,156
6,156
7,156
8,156
9,156
10,156
11,156
12,156
13,156
14,156
15,156
16,156
17,156
18,156
19,156
20,156
21,156
22,156
23,156
24,156
25,156
26,156
27,156
28,156
29,156
30,156
31,156
32,156
33,156
34,156
35,156
36,156
37,156
38,156
39,156
40,156
41,156
42,156
43,156
44,156
45,156
46,156
47,156
48,156
49,156
50,156
51,156
52,156
53,156
54,156
55,156
56,156
57,156
58,156
59,156
60,156
61,156
62,156
63,156
64,156
65,156
66,156
67,156
68,156
69,156
70,156
71,156
72,156
73,156
74,156
75,156
76,156
77,156
78,156
79,156
80,156
81,156
82,156
83,156
84,156
85,156
86,156
87,156
88,156
89,156
90,156
91,156
92,156
93,156
94,156
95,156
96,156
97,156
98,156
99,156
100,156
101,156
102,156
103,156
104,156
105,156
106,156
107,156
108,156
109,156
110,156
111,156
112,156
113,156
114,156
115,156
116,156
117,156
118,156
119,156
120,156
121,156
122,156
123,156
124,156
125,156
126,156
127,156
128,156
129,156
130,156
131,156
132,156
133,156
134,156
135,156
136,156
137,156
138,156
139,156
140,156
141,156
142,156
143,156
144,156
145,156
146,156
147,156
148,156
149,156
150,156
151,156
152,156
153,156
154,156
155,156
156,156
157,156
158,156
159,156
160,156
161,156
162,156
163,156
164,156
165,156
166,156
167,156
168,156
169,156
170,156
171,156
172,156
173,156
174,156
175,156
176,156
177,156
178,156
179,156
180,156
181,156
182,156
183,156
184,156
185,156
186,156
187,156
188,156
189,156
190,156
191,156
192,156
193,156
194,156
195,156
196,156
197,156
198,156
199,156
200,156
201,156
202,156
203,156
204,156
205,156
206,156
207,156
208,156
209,156
210,156
211,156
212,156
213,156
214,156
215,156
216,156
217,156
218,156
219,156
220,156
221,156
222,156
223,156
224,156
225,156
226,156
227,156
228,156
229,156
230,156
231,156
232,156
233,156
234,156
235,156
236,156
237,156
238,156
239,156
240,156
241,156
242,156
243,156
244,156
245,156
246,156
247,156
248,156
249,156
250,156
251,156
252,156
253,156
254,156
255,156
256,156
257,156
258,156
259,156
260,156
261,156
262,156
263,156
264,156
265,156
266,156
267,156
268,156
269,156
270,156
271,156
272,156
273,156
274,156
275,156
276,156
277,156
278,156
279,156
280,156
281,156
282,156
283,156
284,156
285,156
286,156
287,156
288,156
289,156
290,156
291,156
292,156
293,156
294,156
295,156
296,156
297,156
298,156
299,156
300,156
301,156
302,156
303,156
304,156
305,156
306,156
307,156
308,156
309,156
310,156
311,156
312,156
313,156
314,156
315,156
316,156
317,156
318,156
319,156
320,156
321,156
322,156
323,156
324,156
325,156
326,156
327,156
328,156
329,156
330,156
331,156
332,156
333,156
334,156
335,156
336,156
337,156
338,156
339,156
340,156
341,156
342,156
343,156
344,156
345,156
346,156
347,156
348,156
349,156
350,156
351,156
352,156
353,156
354,156
355,156
356,156
357,156
358,156
359,156
360,156
361,156
362,156
363,156
364,156
365,156
366,156
367,156
368,156
369,156
370,156
371,156
372,156
373,156
374,156
375,156
376,156
377,156
378,156
379,156
380,156
381,156
382,156
383,156
384,156
385,156
386,156
387,156
388,156
389,156
390,156
391,156
392,156
393,156
394,156
395,156
396,156
397,156
398,156
399,156
400,156
401,156
402,156
403,156
404,156
405,156
406,156
407,156
408,156
409,156
410,156
411,156
412,156
413,156
414,156
415,156
416,156
417,156
418,156
419,156
420,156
421,156
422,156
423,156
424,156
425,156
426,156
427,156
428,156
429,156
430,156
431,156
432,156
433,156
434,156
435,156
436,156
437,156
438,156
439,156
440,156
441,156
442,156
443,156
444,156
445,156
446,156
447,156
448,156
449,156
450,156
451,156
452,156
453,156
454,156
455,156
456,156
457,156
458,156
459,156
460,156
461,156
462,156
463,156
464,156
465,156
466,156
467,156
468,156
469,156
470,156
471,156
472,156
473,156
474,156
475,156
476,156
477,156
478,156
479,156
480,156
481,156
482,156
483,156
484,156
485,156
486,156
487,156
488,156
489,156
490,156
491,156
492,156
493,156
494,156
495,156
496,156
497,156
498,156
499,156
500,156
501,156
502,156
503,156
504,156
505,156
506,156
507,156
508,156
509,156
510,156
511,156
512,156
513,156
514,156
515,156
516,156
517,156
518,156
519,156
520,156
521,156
522,156
523,156
524,156
525,156
526,156
527,156
528,156
529,156
530,156
531,156
532,156
533,156
534,156
535,156
536,156
537,156
538,156
539,156
540,156
541,156
542,156
543,156
544,156
545,156
546,156
547,156
548,156
549,156
550,156
551,156
552,156
553,156
554,156
555,156
556,156
557,156
558,156
559,156
560,156
561,156
562,156
563,156
564,156
565,156
566,156
567,156
568,156
569,156
570,156
571,156
572,156
573,156
574,156
575,156
576,156
577,156
578,156
579,156
580,156
581,156
582,156
583,156
584,156
585,156
586,156
587,156
588,156
589,156
590,156
591,156
592,156
593,156
594,156
595,156
596,156
597,156
598,156
599,156
600,156
601,156
602,156
603,156
604,156
605,156
606,156
607,156
608,156
609,156
610,156
611,156
612,156
613,156
614,156
615,156
616,156
617,156
618,156
619,156
620,156
621,156
622,156
623,156
624,156
625,156
626,156
627,156
628,156
629,156
630,156
631,156
632,156
633,156
634,156
635,156
636,156
637,156
638,156
639,156
640,156
641,156
642,156
643,156
644,156
645,156
646,156
647,156
648,156
649,156
650,156
651,156
652,156
653,156
654,156
655,156
656,156
657,156
658,156
659,156
660,156
661,156
662,156
663,156
664,156
665,156
666,156
667,156
668,156
669,156
670,156
671,156
672,156
673,156
674,156
675,156
676,156
677,156
678,156
679,156
680,156
681,156
682,156
683,156
684,156
685,156
686,156
687,156
688,156
689,156
690,156
691,156
692,156
693,156
694,156
695,156
696,156
697,156
698,156
699,156
700,156
701,156
702,156
703,156
704,156
705,156
706,156
707,156
708,156
709,156
710,156
711,156
712,156
713,156
714,156
715,156
716,156
717,156
718,156
719,156
720,156
721,156
722,156
723,156
724,156
725,156
726,156
727,156
728,156
729,156
730,156
731,156
732,156
733,156
734,156
735,156
736,156
737,156
738,156
739,156
740,156
741,156
742,156
743,156
744,156
745,156
746,156
747,156
748,156
749,156
750,156
751,156
752,156
753,156
754,156
755,156
756,156
757,156
758,156
759,156
760,156
761,156
762,156
763,156
764,156
765,156
766,156
767,156
768,156
769,156
770,156
771,156
772,156
773,156
774,156
775,156
776,156
777,156
778,156
779,156
780,156
781,156
782,156
783,156
784,156
785,156
786,156
787,156
788,156
789,156
790,156
791,156
792,156
793,156
794,156
795,156
796,156
797,156
798,156
799,156
800,156
801,156
802,156
803,156
804,156
805,156
806,156
807,156
808,156
809,156
810,156
811,156
812,156
813,156
814,156
815,156
816,156
817,156
818,156
819,156
820,156
821,156
822,156
823,156
824,156
825,156
826,156
827,156
828,156
829,156
830,156
831,156
832,156
833,156
834,156
835,156
836,156
837,156
838,156
839,156
840,156
841,156
842,156
843,156
844,156
845,156
846,156
847,156
848,156
849,156
850,156
851,156
852,156
853,156
854,156
855,156
856,156
857,156
858,156
859,156
860,156
861,156
862,156
863,156
864,156
865,156
866,156
867,156
868,156
869,156
870,156
871,156
872,156
873,156
874,156
875,156
876,156
877,156
878,156
879,156
880,156
881,156
882,156
883,156
884,156
885,156
886,156
887,156
888,156
889,156
890,156
891,156
892,156
893,156
894,156
895,156
896,156
897,156
898,156
899,156
900,156
901,156
902,156
903,156
904,156
905,156
906,156
907,156
908,156
909,156
910,156
911,156
912,156
913,156
914,156
915,156
916,156
917,156
918,156
919,156
920,156
921,156
922,156
923,156
924,156
925,156
926,156
927,156
928,156
929,156
930,156
931,156
932,156
933,156
934,156
935,156
936,156
937,156
938,156
939,156
940,156
941,156
942,156
943,156
944,156
945,156
946,156
947,156
948,156
949,156
950,156
951,156
952,156
953,156
954,156
955,156
956,156
957,156
958,156
959,156
960,156
961,156
962,156
963,156
964,156
965,156
966,156
967,156
968,156
969,156
970,156
971,156
972,156
973,156
974,156
975,156
976,156
977,156
978,156
979,156
980,156
981,156
982,156
983,156
984,156
985,156
986,156
987,156
988,156
989,156
990,156
991,156
992,156
993,156
994,156
995,156
996,156
997,156
998,156
999,156
1000,156
1001,156
1002,156
1003,156
1004,156
1005,156
1006,156
1007,156
1008,156
1009,156
1010,156
1011,156
1012,156
1013,156
1014,156
1015,156
1016,156
1017,156
1018,156
1019,156
1020,156
1021,156
1022,156
1023,156
1024,156
1025,156
1026,156
1027,156
1028,156
1029,156
1030,156
1031,156
1032,156
1033,156
1034,156
1035,156
1036,156
1037,156
1038,156
1039,156
1040,156
1041,156
1042,156
1043,156
1044,156
1045,156
1046,156
1047,156
1048,156
1049,156
1050,156
1051,156
1052,156
1053,156
1054,156
1055,156
1056,156
1057,156
1058,156
1059,156
1060,156
1061,156
1062,156
1063,156
1064,156
1065,156
1066,156
1067,156
1068,156
1069,156
1070,156
1071,156
1072,156
1073,156
1074,156
1075,156
1076,156
1077,156
1078,156
1079,156
1080,156
1081,156
1082,156
1083,156
1084,156
1085,156
1086,156
1087,156
1088,156
1089,156
1090,156
1091,156
1092,156
1093,156
1094,156
1095,156
1096,156
1097,156
1098,156
1099,156
1100,156
1101,156
1102,156
1103,156
1104,156
1105,156
1106,156
1107,156
1108,156
1109,156
1110,156
1111,156
1112,156
1113,156
1114,156
1115,156
1116,156
1117,156
1118,156
1119,156
1120,156
1121,156
1122,156
1123,156
1124,156
1125,156
1126,156
1127,156
1128,156
1129,156
1130,156
1131,156
1132,156
1133,156
1134,156
1135,156
1136,156
1137,156
1138,156
1139,156
1140,156
1141,156
1142,156
1143,156
1144,156
1145,156
1146,156
1147,156
1148,156
1149,156
1150,156
1151,156
1152,156
1153,156
1154,156
1155,156
1156,156
1157,156
1158,156
1159,156
1160,156
1161,156
1162,156
1163,156
1164,156
1165,156
1166,156
1167,156
1168,156
1169,156
1170,156
1171,156
1172,156
1173,156
1174,156
1175,156
1176,156
1177,156
1178,156
1179,156
1180,156
1181,156
1182,156
1183,156
1184,156
1185,156
1186,156
1187,156
1188,156
1189,156
1190,156
1191,156
1192,156
1193,156
1194,156
1195,156
1196,156
1197,156
1198,156
1199,156
1200,156
1201,156
1202,156
1203,156
1204,156
1205,156
1206,156
1207,156
1208,156
1209,156
1210,156
1211,156
1212,156
1213,156
1214,156
1215,156
1216,156
1217,156
1218,156
1219,156
1220,156
1221,156
1222,156
1223,156
1224,156
1225,156
1226,156
1227,156
1228,156
1229,156
1230,156
1231,156
1232,156
1233,156
1234,156
1235,156
1236,156
1237,156
1238,156
1239,156
1240,156
1241,156
1242,156
1243,156
1244,156
1245,156
1246,156
1247,156
1248,156
1249,156
1250,156
1251,156
1252,156
1253,156
1254,156
1255,156
1256,156
1257,156
1258,156
1259,156
1260,156
1261,156
1262,156
1263,156
1264,156
1265,156
1266,156
1267,156
1268,156
1269,156
1270,156
1271,156
1272,156
1273,156
1274,156
1275,156
1276,156
1277,156
1278,156
1279,156
1280,156
1281,156
1282,156
1283,156
1284,156
1285,156
1286,156
1287,156
1288,156
1289,156
1290,156
1291,156
1292,156
1293,156
1294,156
1295,156
1296,156
1297,156
1298,156
1299,156
1300,156
1301,156
1302,156
1303,156
1304,156
1305,156
1306,156
1307,156
1308,156
1309,156
1310,156
1311,156
1312,156
1313,156
1314,156
1315,156
1316,156
1317,156
1318,156
1319,156
1320,156
1321,156
1322,156
1323,156
1324,156
1325,156
1326,156
1327,156
1328,156
1329,156
1330,156
1331,156
1332,156
1333,156
1334,156
1335,156
1336,156
1337,156
1338,156
1339,156
1340,156
1341,156
1342,156
1343,156
1344,156
1345,156
1346,156
1347,156
1348,156
1349,156
1350,156
1351,156
1352,156
1353,156
1354,156
1355,156
1356,156
1357,156
1358,156
1359,156
1360,156
1361,156
1362,156
1363,156
1364,156
1365,156
1366,156
1367,156
1368,156
1369,156
1370,156
1371,156
1372,156
1373,156
1374,156
1375,156
1376,156
1377,156
1378,156
1379,156
1380,156
1381,156
1382,156
1383,156
1384,156
1385,156
1386,156
1387,156
1388,156
1389,156
1390,156
1391,156
1392,156
1393,156
1394,156
1395,156
1396,156
1397,156
1398,156
1399,156
1400,156
1401,156
1402,156
1403,156
1404,156
1405,156
1406,156
1407,156
1408,156
1409,156
1410,156
1411,156
1412,156
1413,156
1414,156
1415,156
1416,156
1417,156
1418,156
1419,156
1420,156
1421,156
1422,156
1423,156
1424,156
1425,156
1426,156
1427,156
1428,156
1429,156
1430,156
1431,156
1432,156
1433,156
1434,156
1435,156
1436,156
1437,156
1438,156
1439,156
1440,156
1441,156
1442,156
1443,156
1444,156
1445,156
1446,156
1447,156
1448,156
1449,156
1450,156
1451,156
1452,156
1453,156
1454,156
1455,156
1456,156
1457,156
1458,156
1459,156
1460,156
1461,156
1462,156
1463,156
1464,156
1465,156
1466,156
1467,156
1468,156
1469,156
1470,156
1471,156
1472,156
1473,156
1474,156
1475,156
1476,156
1477,156
1478,156
1479,156
1480,156
1481,156
1482,156
1483,156
1484,156
1485,156
1486,156
1487,156
1488,156
1489,156
1490,156
1491,156
1492,156
1493,156
1494,156
1495,156
1496,156
1497,156
1498,156
1499,156
1500,156
1501,156
1502,156
1503,156
1504,156
1505,156
1506,156
1507,156
1508,156
1509,156
1510,156
1511,156
1512,156
1513,156
1514,156
1515,156
1516,156
1517,156
1518,156
1519,156
1520,156
1521,156
1522,156
1523,156
1524,156
1525,156
1526,156
1527,156
1528,156
1529,156
1530,156
1531,156
1532,156
1533,156
1534,156
1535,156
1536,156
1537,156
1538,156
1539,156
1540,156
1541,156
1542,156
1543,156
1544,156
1545,156
1546,156
1547,156
1548,156
1549,156
1550,156
1551,156
1552,156
1553,156
1554,156
1555,156
1556,156
1557,156
1558,156
1559,156
1560,156
1561,156
1562,156
1563,156
1564,156
1565,156
1566,156
1567,156
1568,156
1569,156
1570,156
1571,156
1572,156
1573,156
1574,156
1575,156
1576,156
1577,156
1578,156
1579,156
1580,156
1581,156
1582,156
1583,156
1584,156
1585,156
1586,156
1587,156
1588,156
1589,156
1590,156
1591,156
1592,156
1593,156
1594,156
1595,156
1596,156
1597,156
1598,156
1599,156
1600,156
1601,156
1602,156
1603,156
1604,156
1605,156
1606,156
1607,156
1608,156
1609,156
1610,156
1611,156
1612,156
1613,156
1614,156
1615,156
1616,156
1617,156
1618,156
1619,156
1620,156
1621,156
1622,156
1623,156
1624,156
1625,156
1626,156
1627,156
1628,156
1629,156
1630,156
1631,156
1632,156
1633,156
1634,156
1635,156
1636,156
1637,156
1638,156
1639,156
1640,156
1641,156
1642,156
1643,156
1644,156
1645,156
1646,156
1647,156
1648,156
1649,156
1650,156
1651,156
1652,156
1653,156
1654,156
1655,156
1656,156
1657,156
1658,156
1659,156
1660,156
1661,156
1662,156
1663,156
1664,156
1665,156
1666,156
1667,156
1668,156
1669,156
1670,156
1671,156
1672,156
1673,156
1674,156
1675,156
1676,156
1677,156
1678,156
1679,156
1680,156
1681,156
1682,156
1683,156
1684,156
1685,156
1686,156
1687,156
1688,156
1689,156
1690,156
1691,156
1692,156
1693,156
1694,156
1695,156
1696,156
1697,156
1698,156
1699,156
1700,156
1701,156
1702,156
1703,156
1704,156
1705,156
1706,156
1707,156
1708,156
1709,156
1710,156
1711,156
1712,156
1713,156
1714,156
1715,156
1716,156
1717,156
1718,156
1719,156
1720,156
1721,156
1722,156
1723,156
1724,156
1725,156
1726,156
1727,156
1728,156
1729,156
1730,156
1731,156
1732,156
1733,156
1734,156
1735,156
1736,156
1737,156
1738,156
1739,156
1740,156
1741,156
1742,156
1743,156
1744,156
1745,156
1746,156
1747,156
1748,156
1749,156
1750,156
1751,156
1752,156
1753,156
1754,156
1755,156
1756,156
1757,156
1758,156
1759,156
1760,156
1761,156
1762,156
1763,156
1764,156
1765,156
1766,156
1767,156
1768,156
1769,156
1770,156
1771,156
1772,156
1773,156
1774,156
1775,156
1776,156
1777,156
1778,156
1779,156
1780,156
1781,156
1782,156
1783,156
1784,156
1785,156
1786,156
1787,156
1788,156
1789,156
1790,156
1791,156
1792,156
1793,156
1794,156
1795,156
1796,156
1797,156
1798,156
1799,156
1800,156
1801,156
1802,156
1803,156
1804,156
1805,156
1806,156
1807,156
1808,156
1809,156
1810,156
1811,156
1812,156
1813,156
1814,156
1815,156
1816,156
1817,156
1818,156
1819,156
1820,156
1821,156
1822,156
1823,156
1824,156
1825,156
1826,156
1827,156
1828,156
1829,156
1830,156
1831,156
1832,156
1833,156
1834,156
1835,156
1836,156
1837,156
1838,156
1839,156
1840,156
1841,156
1842,156
1843,156
1844,156
1845,156
1846,156
1847,156
1848,156
1849,156
1850,156
1851,156
1852,156
1853,156
1854,156
1855,156
1856,156
1857,156
1858,156
1859,156
1860,156
1861,156
1862,156
1863,156
1864,156
1865,156
1866,156
1867,156
1868,156
1869,156
1870,156
1871,156
1872,156
1873,156
1874,156
1875,156
1876,156
1877,156
1878,156
1879,156
1880,156
1881,156
1882,156
1883,156
1884,156
1885,156
1886,156
1887,156
1888,156
1889,156
1890,156
1891,156
1892,156
1893,156
1894,156
1895,156
1896,156
1897,156
1898,156
1899,156
1900,156
1901,156
1902,156
1903,156
1904,156
1905,156
1906,156
1907,156
1908,156
1909,156
1910,156
1911,156
1912,156
1913,156
1914,156
1915,156
1916,156
1917,156
1918,156
1919,156
1920,156
1921,156
1922,156
1923,156
1924,156
1925,156
1926,156
1927,156
1928,156
1929,156
1930,156
1931,156
1932,156
1933,156
1934,156
1935,156
1936,156
1937,156
1938,156
1939,156
1940,156
1941,156
1942,156
1943,156
1944,156
1945,156
1946,156
1947,156
1948,156
1949,156
1950,156
1951,156
1952,156
1953,156
1954,156
1955,156
1956,156
1957,156
1958,156
1959,156
1960,156
1961,156
1962,156
1963,156
1964,156
1965,156
1966,156
1967,156
1968,156
1969,156
1970,156
1971,156
1972,156
1973,156
1974,156
1975,156
1976,156
1977,156
1978,156
1979,156
1980,156
1981,156
1982,156
1983,156
1984,156
1985,156
1986,156
1987,156
1988,156
1989,156
1990,156
1991,156
1992,156
1993,156
1994,156
1995,156
1996,156
1997,156
1998,156
1999,156
2000,156
2001,156
2002,156
2003,156
2004,156
2005,156
2006,156
2007,156
2008,156
2009,156
2010,156
2011,156
2012,156
2013,156
2014,156
2015,156
2016,156
2017,156
2018,156
2019,156
2020,156
2021,156
2022,156
2023,156
2024,156
2025,156
2026,156
2027,156
2028,156
2029,156
2030,156
2031,156
2032,156
2033,156
2034,156
2035,156
2036,156
2037,156
2038,156
2039,156
2040,156
2041,156
2042,156
2043,156
2044,156
2045,156
2046,156
2047,156
2048,156
2049,156
2050,156
2051,156
2052,156
2053,156
2054,156
2055,156
2056,156
2057,156
2058,156
2059,156
2060,156
2061,156
2062,156
2063,156
2064,156
2065,156
2066,156
2067,156
2068,156
2069,156
2070,156
2071,156
2072,156
2073,156
2074,156
2075,156
2076,156
2077,156
2078,156
2079,156
2080,156
2081,156
2082,156
2083,156
2084,156
2085,156
2086,156
2087,156
2088,156
2089,156
2090,156
2091,156
2092,156
2093,156
2094,156
2095,156
2096,156
2097,156
2098,156
2099,156
2100,156
2101,156
2102,156
2103,156
2104,156
2105,156
2106,156
2107,156
2108,156
2109,156
2110,156
2111,156
2112,156
2113,156
2114,156
2115,156
2116,156
2117,156
2118,156
2119,156
2120,156
2121,156
2122,156
2123,156
2124,156
2125,156
2126,156
2127,156
2128,156
2129,156
2130,156
2131,156
2132,156
2133,156
2134,156
2135,156
2136,156
2137,156
2138,156
2139,156
2140,156
2141,156
2142,156
2143,156
2144,156
2145,156
2146,156
2147,156
2148,156
2149,156
2150,156
2151,156
2152,156
2153,156
2154,156
2155,156
2156,156
2157,156
2158,156
2159,156
2160,156
2161,156
2162,156
2163,156
2164,156
2165,156
2166,156
2167,156
2168,156
2169,156
2170,156
2171,156
2172,156
2173,156
2174,156
2175,156
2176,156
2177,156
2178,156
2179,156
2180,156
2181,156
2182,156
2183,156
2184,156
2185,156
2186,156
2187,156
2188,156
2189,156
2190,156
2191,156
2192,156
2193,156
2194,156
2195,156
2196,156
2197,156
2198,156
2199,156
2200,156
2201,156
2202,156
2203,156
2204,156
2205,156
2206,156
2207,156
2208,156
2209,156
2210,156
2211,156
2212,156
2213,156
2214,156
2215,156
2216,156
2217,156
2218,156
2219,156
2220,156
2221,156
2222,156
2223,156
2224,156
2225,156
2226,156
2227,156
2228,156
2229,156
2230,156
2231,156
2232,156
2233,156
2234,156
2235,156
2236,156
2237,156
2238,156
2239,156
2240,156
2241,156
2242,156
2243,156
2244,156
2245,156
2246,156
2247,156
2248,156
2249,156
2250,156
2251,156
2252,156
2253,156
2254,156
2255,156
2256,156
2257,156
2258,156
2259,156
2260,156
2261,156
2262,156
2263,156
2264,156
2265,156
2266,156
2267,156
2268,156
2269,156
2270,156
2271,156
2272,156
2273,156
2274,156
2275,156
2276,156
2277,156
2278,156
2279,156
2280,156
2281,156
2282,156
2283,156
2284,156
2285,156
2286,156
2287,156
2288,156
2289,156
2290,156
2291,156
2292,156
2293,156
2294,156
2295,156
2296,156
2297,156
2298,156
2299,156
2300,156
2301,156
2302,156
2303,156
2304,156
2305,156
2306,156
2307,156
2308,156
2309,156
2310,156
2311,156
2312,156
2313,156
2314,156
2315,156
2316,156
2317,156
2318,156
2319,156
2320,156
2321,156
2322,156
2323,156
2324,156
2325,156
2326,156
2327,156
2328,156
2329,156
2330,156
2331,156
2332,156
2333,156
2334,156
2335,156
2336,156
2337,156
2338,156
2339,156
2340,156
2341,156
2342,156
2343,156
2344,156
2345,156
2346,156
2347,156
2348,156
2349,156
2350,156
2351,156
2352,156
2353,156
2354,156
2355,156
2356,156
2357,156
2358,156
2359,156
2360,156
2361,156
2362,156
2363,156
2364,156
2365,156
2366,156
2367,156
2368,156
2369,156
2370,156
2371,156
2372,156
2373,156
2374,156
2375,156
2376,156
2377,156
2378,156
2379,156
2380,156
2381,156
2382,156
2383,156
2384,156
2385,156
2386,156
2387,156
2388,156
2389,156
2390,156
2391,156
2392,156
2393,156
2394,156
2395,156
2396,156
2397,156
2398,156
2399,156
2400,156
2401,156
2402,156
2403,156
2404,156
2405,156
2406,156
2407,156
2408,156
2409,156
2410,156
2411,156
2412,156
2413,156
2414,156
2415,156
2416,156
2417,156
2418,156
2419,156
2420,156
2421,156
2422,156
2423,156
2424,156
2425,156
2426,156
2427,156
2428,156
2429,156
2430,156
2431,156
2432,156
2433,156
2434,156
2435,156
2436,156
2437,156
2438,156
2439,156
2440,156
2441,156
2442,156
2443,156
2444,156
2445,156
2446,156
2447,156
2448,156
2449,156
2450,156
2451,156
2452,156
2453,156
2454,156
2455,156
2456,156
2457,156
2458,156
2459,156
2460,156
2461,156
2462,156
2463,156
2464,156
2465,156
2466,156
2467,156
2468,156
2469,156
2470,156
2471,156
2472,156
2473,156
2474,156
2475,156
2476,156
2477,156
2478,156
2479,156
2480,156
2481,156
2482,156
2483,156
2484,156
2485,156
2486,156
2487,156
2488,156
2489,156
2490,156
2491,156
2492,156
2493,156
2494,156
2495,156
2496,156
2497,156
2498,156
2499,156
2500,156
2501,156
2502,156
2503,156
2504,156
2505,156
2506,156
2507,156
2508,156
2509,156
2510,156
2511,156
2512,156
2513,156
2514,156
2515,156
2516,156
2517,156
2518,156
2519,156
2520,156
2521,156
2522,156
2523,156
2524,156
2525,156
2526,156
2527,156
2528,156
2529,156
2530,156
2531,156
2532,156
2533,156
2534,156
2535,156
2536,156
2537,156
2538,156
2539,156
2540,156
2541,156
2542,156
2543,156
2544,156
2545,156
2546,156
2547,156
2548,156
2549,156
2550,156
2551,156
2552,156
2553,156
2554,156
2555,156
2556,156
2557,156
2558,156
2559,156
2560,156
2561,156
2562,156
2563,156
2564,156
2565,156
2566,156
2567,156
2568,156
2569,156
2570,156
2571,156
2572,156
2573,156
2574,156
2575,156
2576,156
2577,156
2578,156
2579,156
2580,156
2581,156
2582,156
2583,156
2584,156
2585,156
2586,156
2587,156
2588,156
2589,156
2590,156
2591,156
2592,156
2593,156
2594,156
2595,156
2596,156
2597,156
2598,156
2599,156
2600,156
2601,156
2602,156
2603,156
2604,156
2605,156
2606,156
2607,156
2608,156
2609,156
2610,156
2611,156
2612,156
2613,156
2614,156
2615,156
2616,156
2617,156
2618,156
2619,156
2620,156
2621,156
2622,156
2623,156
2624,156
2625,156
2626,156
2627,156
2628,156
2629,156
2630,156
2631,156
2632,156
2633,156
2634,156
2635,156
2636,156
2637,156
2638,156
2639,156
2640,156
2641,156
2642,156
2643,156
2644,156
2645,156
2646,156
2647,156
2648,156
2649,156
2650,156
2651,156
2652,156
2653,156
2654,156
2655,156
2656,156
2657,156
2658,156
2659,156
2660,156
2661,156
2662,156
2663,156
2664,156
2665,156
2666,156
2667,156
2668,156
2669,156
2670,156
2671,156
2672,156
2673,156
2674,156
2675,156
2676,156
2677,156
2678,156
2679,156
2680,156
2681,156
2682,156
2683,156
2684,156
2685,156
2686,156
2687,156
2688,156
2689,156
2690,156
2691,156
2692,156
2693,156
2694,156
2695,156
2696,156
2697,156
2698,156
2699,156
2700,156
2701,156
2702,156
2703,156
2704,156
2705,156
2706,156
2707,156
2708,156
2709,156
2710,156
2711,156
2712,156
2713,156
2714,156
2715,156
2716,156
2717,156
2718,156
2719,156
2720,156
2721,156
2722,156
2723,156
2724,156
2725,156
2726,156
2727,156
2728,156
2729,156
2730,156
2731,156
2732,156
2733,156
2734,156
2735,156
2736,156
2737,156
2738,156
2739,156
2740,156
2741,156
2742,156
2743,156
2744,156
2745,156
2746,156
2747,156
2748,156
2749,156
2750,156
2751,156
2752,156
2753,156
2754,156
2755,156
2756,156
2757,156
2758,156
2759,156
2760,156
2761,156
2762,156
2763,156
2764,156
2765,156
2766,156
2767,156
2768,156
2769,156
2770,156
2771,156
2772,156
2773,156
2774,156
2775,156
2776,156
2777,156
2778,156
2779,156
2780,156
2781,156
2782,156
2783,156
2784,156
2785,156
2786,156
2787,156
2788,156
2789,156
2790,156
2791,156
2792,156
2793,156
2794,156
2795,156
2796,156
2797,156
2798,156
2799,156
2800,156
2801,156
2802,156
2803,156
2804,156
2805,156
2806,156
2807,156
2808,156
2809,156
2810,156
2811,156
2812,156
2813,156
2814,156
2815,156
2816,156
2817,156
2818,156
2819,156
2820,156
2821,156
2822,156
2823,156
2824,156
2825,156
2826,156
2827,156
2828,156
2829,156
2830,156
2831,156
